순위,곡명,가수명,좋아요
1,Celebrity,아이유,319959
2,롤린 (Rollin'),브레이브걸스,294582
3,Dynamite,방탄소년단,435361
4,Next Level,aespa,245442
5,라일락,아이유,241143
6,밤하늘의 별을(2020),경서,191572
7,신호등,이무진,279192
8,Butter,방탄소년단,272427
9,내 손을 잡아,아이유,192407
10,밝게 빛나는 별이 되어 비춰줄게,송이한,118460
11,바라만 본다,MSG워너비(M.O.M),176505
12,잠이 오질 않네요,장범준,157925
13,헤픈 우연,헤이즈 (Heize),177275
14,Lovesick Girls,BLACKPINK,215180
15,취기를 빌려 (취향저격 그녀 X 산들),산들,215768
16,VVS (Feat. JUSTHIS) (Prod. GroovyRoom),미란이 (Mirani),200102
17,운전만해 (We Ride),브레이브걸스,134281
18,Dun Dun Dance,오마이걸 (OH MY GIRL),158648
19,Blueming,아이유,338188
20,에잇(Prod.&Feat. SUGA of BTS),아이유,378799
21,어떻게 이별까지 사랑하겠어 널 사랑하는 거지,AKMU (악뮤),383004
22,오래된 노래,스탠딩 에그,246492
23,흔들리는 꽃들 속에서 네 샴푸향이 느껴진거야,장범준,303549
24,그날에 나는 맘이 편했을까,이예준,81423
25,Life Goes On,방탄소년단,238175
26,모든 날 모든 순간 (Every day Every Moment),폴킴,394294
27,LOVE DAY (2021) (바른연애 길잡이 X 양요섭 정은지),양요섭,111656
28,나랑 같이 걸을래 (바른연애 길잡이 X 적재),적재,125985
29,작은 것들을 위한 시 (Boy With Luv) (Feat. Halsey),방탄소년단,435437
30,ASAP,STAYC(스테이씨),142646
31,METEOR,창모 (CHANGMO),282756
32,Timeless,SG 워너비,111100
33,사이렌 Remix (Feat. UNEDUCATED KID Paul Blanco),호미들,143208
34,아로하,조정석,235241
35,Weekend,태연 (TAEYEON),176061
36,Dolphin,오마이걸 (OH MY GIRL),197702
37,봄날,방탄소년단,561346
38,Permission to Dance,방탄소년단,206329
39,멜로디,ASH ISLAND,132585
40,추억은 만남보다 이별에 남아,정동하,86375
41,OHAYO MY NIGHT,디핵 (D-Hack),186115
42,오늘도 빛나는 너에게 (To You My Light) (Feat.이라온),마크툽 (MAKTUB),262544
43,낙하 (with 아이유),AKMU (악뮤),173114
44,이제 나만 믿어요,임영웅,155043
45,사실 나는 (Feat.전건호),경서예지,93001
46,다정히 내 이름을 부르면,경서예지,136248
47,On The Ground,로제 (ROSÉ),153489
48,힘든 건 사랑이 아니다,임창정,112617
49,어떻게 지내 (Prod. By VAN.C),오반,179820
50,이 밤을 빌려 말해요 (바른연애 길잡이 X 10CM),10CM,86585

