{
"skeleton": {
	"hash": "unoH+wRXLIAoaQPIlpXECiHQE2M",
	"spine": "3.8.0",
	"x": -640.84,
	"y": -113.43,
	"width": 1314.18,
	"height": 1408,
	"images": "./images/",
	"audio": "C:/Users/user/Desktop/resource/monster_spine"
},
"bones": [
	{ "name": "root" },
	{ "name": "body", "parent": "root", "rotation": 83.08, "x": 1.58, "y": 197.42 },
	{ "name": "body2", "parent": "body", "length": 625.53, "rotation": -3.72, "x": 147.58, "y": 18.08 },
	{ "name": "Left_leg", "parent": "body", "length": 118.56, "rotation": -159.04, "x": -86.57, "y": -152.7 },
	{ "name": "Left_foot", "parent": "Left_leg", "length": 99.42, "rotation": -46.31, "x": 118.56 },
	{ "name": "Right_leg", "parent": "body", "length": 99.81, "rotation": 174.12, "x": -93.95, "y": 165.04 },
	{ "name": "Right_foot", "parent": "Right_leg", "length": 106.75, "rotation": -43.18, "x": 99.81 },
	{ "name": "Left_hand", "parent": "body2", "length": 237.32, "rotation": -129.38, "x": 109.54, "y": -263.19 },
	{ "name": "Right_hand", "parent": "body2", "length": 182.23, "rotation": 137.86, "x": -36.67, "y": 485.03 },
	{ "name": "center", "parent": "body2", "rotation": 3.72, "x": 158.36, "y": 430.69 },
	{ "name": "mouth", "parent": "center", "length": 183.19, "rotation": 103.83, "x": -117.41, "y": -37.05 },
	{ "name": "hair1", "parent": "center", "length": 115.38, "rotation": 42.55, "x": 528.76, "y": -238.03 },
	{ "name": "hair2", "parent": "hair1", "length": 127.06, "rotation": -1.07, "x": 123.35, "y": 1.95 },
	{ "name": "Left_eye", "parent": "center", "x": 103.86, "y": -350.68 },
	{ "name": "Right_eye", "parent": "center", "x": 67.63, "y": 161.21 },
	{ "name": "Left_eyebrow", "parent": "body2", "rotation": 5.49, "x": 459.76, "y": 199.18 },
	{ "name": "Right_eyebrow", "parent": "body2", "rotation": 3.72, "x": 383.68, "y": 561.84 }
],
"slots": [
	{ "name": "RigjtLeg", "bone": "Right_leg", "attachment": "RigjtLeg" },
	{ "name": "LeftLeg", "bone": "Left_leg", "attachment": "LeftLeg" },
	{ "name": "RightHand", "bone": "Right_hand", "attachment": "RightHand" },
	{ "name": "eyeboll", "bone": "Left_hand", "attachment": "eyeboll" },
	{ "name": "eye", "bone": "Left_eye", "attachment": "eye" },
	{ "name": "eye2", "bone": "Right_eye", "attachment": "eye" },
	{ "name": "body", "bone": "body2", "attachment": "body" },
	{ "name": "LeftHand", "bone": "Left_hand", "attachment": "LeftHand" },
	{ "name": "Hair", "bone": "hair1", "attachment": "Hair" },
	{ "name": "mouth", "bone": "mouth", "attachment": "mouth" }
],
"skins": [
	{
		"name": "default",
		"attachments": {
			"Hair": {
				"Hair": {
					"type": "mesh",
					"uvs": [ 0.96059, 0.90991, 0.67084, 0.97629, 0.02905, 0.87795, 0, 0.71519, 0, 0.65164, 0.25388, 0.4981, 0.67872, 0.63942, 0.68272, 0.45414, 0.73331, 0, 0.79207, 0, 0.92349, 0.05089, 0.12898, 0.71831, 0.37522, 0.65702, 0.37522, 0.80684, 0.47595, 0.73193, 0.80614, 0.60936, 0.73898, 0.82046, 0.78375, 0.4323, 0.82293, 0.20758 ],
					"triangles": [ 2, 3, 11, 5, 11, 4, 11, 3, 4, 18, 8, 9, 18, 9, 10, 1, 2, 13, 13, 14, 1, 1, 16, 0, 16, 14, 6, 16, 1, 14, 16, 15, 0, 0, 15, 10, 16, 6, 15, 11, 12, 13, 13, 12, 14, 14, 12, 6, 12, 5, 6, 6, 7, 15, 7, 17, 15, 10, 15, 17, 17, 7, 18, 2, 11, 13, 10, 17, 18, 11, 5, 12, 8, 18, 7 ],
					"vertices": [ 1, 11, -11.17, -35.21, 1, 1, 11, 23.05, 38.3, 1, 2, 11, 143.92, 168.81, 0.456, 12, 17.47, 167.21, 0.544, 2, 11, 178.47, 153.88, 0.456, 12, 52.29, 152.92, 0.544, 2, 11, 190.15, 145.51, 0.456, 12, 64.12, 144.77, 0.544, 2, 11, 177.68, 68.55, 0.456, 12, 53.09, 67.59, 0.544, 1, 11, 83.67, -7.81, 1, 2, 11, 117.06, -33.09, 0.65, 12, -5.63, -35.16, 0.35, 2, 11, 192.38, -104.19, 0.456, 12, 71, -104.84, 0.544, 2, 11, 182.97, -117.33, 0.456, 12, 61.83, -118.15, 0.544, 2, 11, 152.57, -140, 0.456, 12, 31.85, -141.39, 0.544, 2, 11, 157.24, 125.46, 0.456, 12, 31.59, 124.11, 0.544, 2, 11, 129.05, 62.35, 0.65, 12, 4.58, 60.49, 0.35, 2, 11, 101.53, 82.07, 0.65, 12, -23.3, 79.7, 0.35, 2, 11, 99.16, 49.69, 0.83, 12, -25.08, 47.28, 0.17, 2, 11, 68.78, -40.25, 0.83, 12, -53.77, -43.21, 0.17, 1, 11, 40.76, 2.55, 1, 2, 11, 104.89, -58.55, 0.65, 12, -17.33, -60.84, 0.35, 2, 11, 139.89, -96.89, 0.456, 12, 18.38, -98.52, 0.544 ],
					"hull": 11,
					"edges": [ 0, 20, 0, 2, 2, 4, 4, 6, 6, 8, 8, 10, 10, 12, 12, 14, 14, 16, 16, 18, 18, 20, 34, 36 ],
					"width": 275,
					"height": 226
				}
			},
			"mouth": {
				"mouth": {
					"type": "mesh",
					"uvs": [ 0.71659, 0, 1, 0.41135, 1, 0.49444, 0.93342, 0.89066, 0.8762, 1, 0.83102, 1, 0.03185, 0.75324, 0, 0.72267, 0, 0.67781, 0.103, 0.50213, 0.60816, 0, 0.77324, 0.53452, 0.25763, 0.61452, 0.58152, 0.51842 ],
					"triangles": [ 11, 0, 1, 10, 12, 9, 2, 11, 1, 13, 12, 10, 6, 7, 8, 9, 6, 8, 3, 11, 2, 5, 11, 3, 13, 10, 0, 11, 13, 0, 5, 12, 13, 5, 13, 11, 6, 9, 12, 6, 12, 5, 4, 5, 3 ],
					"vertices": [ 1, 10, 40.95, -47.2, 1, 1, 10, -5.7, -3.43, 1, 1, 10, -4.78, 4.16, 1, 1, 10, 11.63, 38.89, 1, 1, 10, 23.18, 47.62, 1, 1, 10, 31.34, 46.63, 1, 1, 10, 173.01, 6.6, 1, 1, 10, 178.42, 3.11, 1, 1, 10, 177.93, -0.99, 1, 1, 10, 157.37, -14.78, 1, 1, 10, 60.54, -49.58, 1, 1, 10, 36.63, 2.86, 1, 1, 10, 130.68, -1.13, 1, 1, 10, 71.09, -2.81, 1 ],
					"hull": 11,
					"edges": [ 0, 20, 0, 2, 2, 4, 4, 6, 6, 8, 8, 10, 10, 12, 12, 14, 14, 16, 16, 18, 18, 20 ],
					"width": 182,
					"height": 92
				}
			},
			"RightHand": {
				"RightHand": {
					"type": "mesh",
					"uvs": [ 0.92588, 5.0E-5, 1, 0.23944, 1, 0.45983, 0.68246, 0.8615, 0.0174, 1, 0.00438, 1, 0.01502, 0.76017, 0.44026, 0.01311 ],
					"triangles": [ 1, 7, 0, 1, 3, 7, 2, 3, 1, 6, 7, 3, 4, 5, 6, 3, 4, 6 ],
					"vertices": [ 1, 8, -12.5, -1.71, 1, 1, 8, -4.13, 31.61, 1, 1, 8, 13.47, 54.78, 1, 1, 8, 91.56, 62.05, 1, 1, 8, 199.01, 3.4, 1, 1, 8, 200.9, 1.96, 1, 1, 8, 180.21, -22.08, 1, 1, 8, 58.93, -53.8, 1 ],
					"hull": 8,
					"edges": [ 0, 14, 0, 2, 2, 4, 4, 6, 6, 8, 8, 10, 10, 12, 12, 14 ],
					"width": 182,
					"height": 132
				}
			},
			"eye2": {
				"eye": {
					"type": "mesh",
					"uvs": [ 0.117, 0.76992, 0, 0.79826, 0, 0.63664, 0.04086, 0.17054, 0.11354, 0.0093, 0.16811, 0.07788, 0.18314, 0.2883, 0.1845, 0.43121 ],
					"triangles": [ 3, 4, 5, 3, 5, 6, 7, 2, 3, 7, 0, 2, 6, 7, 3, 1, 2, 0 ],
					"vertices": [ 1, 14, -116.91, -38.75, 1, 1, 14, -136.57, 47.02, 1, 1, 14, -84.59, 53.33, 1, 1, 14, 69.01, 41.19, 1, 1, 14, 127.42, -6.48, 1, 1, 14, 110.28, -49.68, 1, 1, 14, 43.96, -69.06, 1, 1, 14, -1.9, -75.64, 1 ],
					"hull": 8,
					"edges": [ 0, 2, 2, 4, 4, 6, 6, 8, 8, 10, 10, 12, 12, 14, 14, 0 ],
					"width": 748,
					"height": 324
				}
			},
			"body": {
				"body": {
					"type": "mesh",
					"uvs": [ 0.54932, 0, 0.66656, 0.0184, 0.78057, 0.08954, 0.88281, 0.16933, 0.94534, 0.25728, 0.99998, 0.42009, 0.99875, 0.59587, 0.93786, 0.79018, 0.87234, 0.88015, 0.74836, 0.96773, 0.5575, 1, 0.47819, 1, 0.37828, 0.99243, 0.23414, 0.93849, 0.09419, 0.81894, 0.02835, 0.7252, 0, 0.6214, 0, 0.56182, 0.0065, 0.46512, 0.04633, 0.30753, 0.11636, 0.1752, 0.18884, 0.10124, 0.26548, 0.04859, 0.38061, 0.00405, 0.50457, 0, 0.17894, 0.60139, 0.2066, 0.41282, 0.27401, 0.19448, 0.39501, 0.06149, 0.24463, 0.784, 0.35698, 0.91897, 0.47279, 0.22624, 0.1219, 0.24609, 0.62663, 0.84156, 0.82369, 0.68872, 0.88937, 0.44656, 0.758, 0.20441, 0.65256, 0.52993, 0.39487, 0.271, 0.12356, 0.28757 ],
					"triangles": [ 7, 34, 6, 34, 35, 6, 34, 37, 35, 16, 17, 25, 37, 31, 36, 31, 1, 36, 17, 18, 25, 25, 18, 26, 6, 35, 5, 18, 19, 26, 19, 39, 26, 37, 36, 35, 1, 31, 0, 24, 0, 31, 35, 36, 4, 35, 4, 5, 4, 36, 3, 19, 32, 39, 19, 20, 32, 39, 32, 27, 31, 38, 28, 27, 20, 21, 27, 32, 20, 38, 27, 28, 31, 28, 24, 36, 2, 3, 36, 1, 2, 21, 22, 27, 27, 22, 28, 22, 23, 28, 28, 23, 24, 37, 38, 31, 26, 38, 37, 37, 29, 25, 26, 37, 25, 26, 27, 38, 26, 39, 27, 10, 33, 9, 10, 11, 33, 33, 11, 30, 13, 30, 12, 11, 12, 30, 9, 33, 8, 13, 29, 30, 13, 14, 29, 30, 29, 33, 33, 34, 8, 8, 34, 7, 33, 29, 37, 33, 37, 34, 29, 14, 25, 14, 15, 25, 15, 16, 25 ],
					"vertices": [ 2, 1, 944.03, 24.89, 0.22356, 2, 794.33, 58.49, 0.77644, 2, 1, 941.74, -128.1, 0.22154, 2, 801.97, -94.32, 0.77846, 2, 1, 879.98, -284.09, 0.22452, 2, 750.47, -254, 0.77548, 2, 1, 806.71, -426.15, 0.23336, 2, 686.58, -400.51, 0.76664, 2, 1, 718.15, -518.35, 0.25594, 2, 604.19, -498.26, 0.74406, 2, 1, 544.68, -610.57, 0.30942, 2, 437.07, -601.55, 0.69058, 2, 1, 348, -632.85, 0.43557, 2, 242.25, -636.55, 0.56443, 2, 1, 121.31, -581.05, 0.5577, 2, 12.68, -599.57, 0.4423, 2, 1, 10.54, -509.15, 0.67042, 2, -102.53, -535.02, 0.32958, 2, 1, -106.67, -361.91, 0.76659, 2, -229.05, -395.69, 0.23341, 2, 1, -172.49, -121.3, 0.83837, 2, -310.34, -159.87, 0.16163, 2, 1, -184.84, -19.5, 0.87906, 2, -329.28, -59.08, 0.12094, 2, 1, -191.95, 109.77, 0.88507, 2, -344.77, 69.46, 0.11493, 2, 1, -154.11, 302.1, 0.85692, 2, -319.49, 263.84, 0.14308, 2, 1, -42.29, 497.97, 0.79908, 2, -220.62, 466.55, 0.20092, 2, 1, 52.24, 595.2, 0.71856, 2, -132.6, 569.71, 0.28144, 3, 1, 163.84, 645.67, 0.60257, 9, -169.72, 208.08, 0.03273, 2, -24.51, 627.32, 0.3647, 3, 1, 230.44, 653.75, 0.50165, 9, -103.12, 216.17, 0.03313, 2, 41.42, 639.71, 0.46522, 2, 1, 339.55, 658.53, 0.41106, 2, 149.99, 651.56, 0.58894, 2, 1, 521.91, 628.79, 0.34876, 2, 333.9, 633.72, 0.65124, 3, 1, 680.74, 556.86, 0.30441, 9, 347.17, 119.28, 0.02135, 2, 497.06, 572.25, 0.67424, 2, 1, 774.71, 473.86, 0.28576, 2, 596.22, 495.52, 0.71424, 2, 1, 845.49, 382.63, 0.26574, 2, 672.78, 409.08, 0.73426, 2, 1, 913.22, 240.89, 0.24756, 2, 749.56, 272.03, 0.75244, 2, 1, 937.06, 82.33, 0.23275, 2, 783.65, 115.36, 0.76725, 3, 1, 214.1, 418.7, 0.10007, 9, -119.47, -18.89, 0.47413, 2, 40.37, 404.09, 0.4258, 3, 1, 429.18, 408.78, 0.04161, 9, 95.62, -28.8, 0.69182, 2, 255.65, 408.16, 0.26656, 3, 1, 683.75, 351.88, 0.13845, 9, 350.18, -85.7, 0.47887, 2, 513.37, 367.9, 0.38267, 3, 1, 851.25, 214.61, 0.23674, 9, 517.69, -222.97, 0.02059, 2, 689.43, 241.79, 0.74268, 3, 1, 20.21, 309.61, 0.4935, 9, -313.36, -127.97, 0.46773, 2, -146.03, 282.64, 0.03878, 2, 1, -113.16, 147.08, 0.80279, 9, -446.72, -290.51, 0.19721, 4, 1, 679.22, 92.42, 0.06796, 15, 32.37, -10.54, 0.12, 9, 345.65, -345.17, 0.40211, 2, 525.69, 108.69, 0.40993, 4, 1, 602.36, 540.12, 0.08944, 16, 35.44, -13.71, 0.09, 9, 268.79, 102.54, 0.23955, 2, 419.93, 550.46, 0.58101, 2, 1, 15.39, -188.54, 0.95234, 9, -318.18, -626.12, 0.04766, 2, 1, 216.93, -420.73, 0.29746, 2, 97.69, -433.39, 0.70254, 2, 1, 497.85, -472.19, 0.18232, 2, 381.35, -466.5, 0.81768, 3, 1, 748.06, -270.71, 0.11608, 9, 414.5, -708.29, 0.21491, 2, 617.96, -249.2, 0.66901, 3, 1, 367.77, -179.53, 0.11126, 9, 34.2, -617.12, 0.40156, 2, 232.55, -182.91, 0.48718, 4, 1, 617.05, 186.37, 0.05462, 15, -2.27, -0.56, 0.24, 9, 283.48, -251.22, 0.39281, 2, 457.56, 198.4, 0.31257, 4, 1, 556.25, 532.37, 0.1135, 16, -10.67, -21.47, 0.15, 9, 222.69, 94.78, 0.2493, 2, 374.43, 539.73, 0.48721 ],
					"hull": 25,
					"edges": [ 0, 48, 0, 2, 2, 4, 4, 6, 6, 8, 8, 10, 10, 12, 12, 14, 14, 16, 16, 18, 18, 20, 20, 22, 22, 24, 24, 26, 26, 28, 28, 30, 30, 32, 32, 34, 34, 36, 36, 38, 38, 40, 40, 42, 42, 44, 44, 46, 46, 48 ],
					"width": 1293,
					"height": 1126
				}
			},
			"LeftLeg": {
				"LeftLeg": {
					"type": "mesh",
					"uvs": [ 0.88183, 0.04344, 0.99777, 0.76603, 0.20223, 1, 0.15724, 1, 0, 0.61431, 0, 0.59757, 0.51804, 0.46233, 0.31793, 0.31222, 0.20782, 0.02493, 0.91257, 0.00362, 0.73996, 0.46519 ],
					"triangles": [ 1, 6, 10, 1, 2, 6, 6, 2, 4, 2, 3, 4, 10, 0, 1, 4, 5, 6, 10, 6, 0, 6, 7, 0, 7, 8, 0, 0, 8, 9 ],
					"vertices": [ 1, 3, 63, 51.33, 1, 2, 3, 182.61, 38.16, 0.0811, 4, 16.64, 72.67, 0.9189, 1, 4, 108.75, -0.88, 1, 1, 4, 112.12, -6.21, 1, 1, 4, 70.07, -58.8, 1, 1, 4, 67.73, -60.28, 1, 2, 3, 117.7, -14.84, 0.27535, 4, 10.14, -10.87, 0.72465, 2, 3, 86.88, -36.01, 0.98788, 4, 4.15, -47.79, 0.01212, 1, 3, 37.15, -39.47, 1, 1, 3, 57.67, 57.1, 1, 2, 3, 125.69, 15.19, 0.60101, 4, -6.06, 15.65, 0.39899 ],
					"hull": 10,
					"edges": [ 0, 18, 0, 2, 2, 4, 4, 6, 6, 8, 8, 10, 10, 12, 12, 14, 14, 16, 16, 18 ],
					"width": 140,
					"height": 165
				}
			},
			"eye": {
				"eye": {
					"type": "mesh",
					"uvs": [ 0.98901, 0.28057, 1, 0.52213, 1, 0.64764, 0.93849, 0.88128, 0.79488, 1, 0.72577, 1, 0.59227, 0.86579, 0.52512, 0.47547, 0.66551, 0.00568, 0.88648, 0.00628 ],
					"triangles": [ 5, 6, 7, 8, 9, 1, 1, 9, 0, 3, 1, 2, 1, 5, 8, 1, 4, 5, 5, 7, 8, 3, 4, 1 ],
					"vertices": [ 1, 13, 82.86, -155.27, 1, 1, 13, 6.15, -172.86, 1, 1, 13, -34.22, -177.76, 1, 1, 13, -114.91, -141.21, 1, 1, 13, -166.04, -39.21, 1, 1, 13, -172.27, 12.11, 1, 1, 13, -141.13, 116.48, 1, 1, 13, -21.65, 181.59, 1, 1, 13, 142.11, 95.68, 1, 1, 13, 161.84, -68.43, 1 ],
					"hull": 10,
					"edges": [ 0, 18, 0, 2, 2, 4, 4, 6, 6, 8, 8, 10, 10, 12, 14, 16, 16, 18, 12, 14 ],
					"width": 748,
					"height": 324
				}
			},
			"RigjtLeg": {
				"RigjtLeg": {
					"type": "mesh",
					"uvs": [ 0.3434, 0, 1, 0.23409, 1, 0.30317, 0.93592, 0.93451, 0, 0.99767, 0, 0.95354, 0.0683, 0.65049, 0.58171, 0.46885, 0.41073, 0.21309, 0.29899, 0, 0.75485, 0.5319 ],
					"triangles": [ 10, 3, 7, 7, 3, 5, 7, 5, 6, 4, 5, 3, 3, 10, 2, 10, 7, 2, 2, 7, 1, 7, 8, 1, 9, 0, 8, 1, 8, 0 ],
					"vertices": [ 2, 5, 53.87, -63.46, 0.92455, 6, 9.92, -77.71, 0.07545, 1, 5, 63.83, 21.62, 1, 1, 5, 72.04, 23.49, 1, 2, 5, 148.9, 32.87, 0.01424, 6, 13.3, 57.56, 0.98576, 1, 6, 113.03, -0.46, 1, 1, 6, 110.02, -4.92, 1, 1, 6, 82.37, -30.86, 1, 2, 5, 103.16, -22.2, 0.18604, 6, 17.63, -13.9, 0.81396, 2, 5, 77.39, -49.62, 0.86838, 6, 17.61, -51.53, 0.13162, 2, 5, 55.09, -68.79, 0.92548, 6, 14.45, -80.77, 0.07452, 1, 6, 4.28, 4.39, 1 ],
					"hull": 10,
					"edges": [ 0, 18, 0, 2, 2, 4, 4, 6, 6, 8, 8, 10, 10, 12, 12, 14, 14, 16, 16, 18 ],
					"width": 123,
					"height": 122
				}
			},
			"LeftHand": {
				"LeftHand": {
					"type": "mesh",
					"uvs": [ 0.77364, 0.27871, 1, 0.80282, 1, 0.888, 0.95361, 1, 0.89398, 1, 0.18743, 0.77854, 0.0524, 0.53779, 0.24637, 0.10117, 0.54127, 0.01506 ],
					"triangles": [ 0, 5, 6, 1, 5, 0, 2, 4, 1, 7, 8, 0, 7, 0, 6, 1, 4, 5, 3, 4, 2 ],
					"vertices": [ 1, 7, 78.88, 77.25, 1, 1, 7, 217.47, 36.98, 1, 1, 7, 233.92, 23.19, 1, 1, 7, 247.89, -4.08, 1, 1, 7, 238.04, -15.83, 1, 1, 7, 78.61, -119.12, 1, 1, 7, 9.83, -106.74, 1, 1, 7, -42.46, 2.15, 1, 1, 7, -10.4, 74.17, 1 ],
					"hull": 9,
					"edges": [ 0, 16, 0, 2, 2, 4, 4, 6, 6, 8, 8, 10, 10, 12, 12, 14, 14, 16 ],
					"width": 257,
					"height": 252
				}
			},
			"eyeboll": {
				"eyeboll": {
					"type": "mesh",
					"uvs": [ 0.52242, 0, 0.70597, 0.03342, 0.86219, 0.14926, 0.99378, 0.39739, 1, 0.58132, 1, 0.71267, 0.90356, 0.87336, 0.64357, 1, 0.48157, 1, 0.32757, 0.9825, 0.0814, 0.89966, 0, 0.7653, 0, 0.64718, 0.05347, 0.28508, 0.10041, 0.25315, 0.47449, 0 ],
					"triangles": [ 2, 7, 1, 15, 0, 8, 8, 1, 7, 2, 6, 7, 8, 9, 15, 1, 8, 0, 4, 2, 3, 4, 6, 2, 5, 6, 4, 13, 14, 12, 9, 14, 15, 14, 11, 12, 10, 14, 9, 10, 11, 14 ],
					"vertices": [ 2, 2, 596.37, 213.13, 0.5849, 1, 756.52, 192.05, 0.4151, 2, 2, 609.91, 32.47, 0.62228, 1, 758.32, 10.89, 0.37772, 2, 2, 569.91, -130.99, 0.66351, 1, 707.79, -149.63, 0.33649, 2, 2, 447.43, -285.35, 0.67148, 1, 575.54, -295.71, 0.32852, 2, 2, 340.1, -311.73, 0.67555, 1, 466.73, -315.07, 0.32445, 2, 2, 262.65, -326.29, 0.64771, 1, 388.5, -324.57, 0.35229, 2, 2, 150.42, -251.12, 0.32074, 1, 281.38, -242.27, 0.67926, 2, 2, 28.64, -14.48, 0.15893, 1, 175.22, 1.77, 0.84107, 2, 2, -0.71, 141.7, 0.15453, 1, 156.07, 159.53, 0.84547, 2, 2, -18.3, 292.12, 0.52063, 1, 148.28, 310.78, 0.47937, 2, 2, -14.05, 538.64, 0.36319, 1, 168.52, 556.5, 0.63681, 2, 2, 50.43, 632.01, 0.44567, 1, 238.93, 645.48, 0.55433, 2, 2, 120.09, 645.09, 0.51405, 1, 309.29, 654.02, 0.48595, 2, 2, 343.3, 633.67, 0.64156, 1, 531.29, 628.13, 0.35844, 2, 2, 370.63, 591.95, 0.70834, 1, 555.85, 584.73, 0.29166, 2, 2, 587.68, 259.34, 0.61067, 1, 750.86, 238.73, 0.38933 ],
					"hull": 16,
					"edges": [ 0, 30, 0, 2, 2, 4, 4, 6, 6, 8, 8, 10, 10, 12, 12, 14, 14, 16, 16, 18, 18, 20, 20, 22, 22, 24, 24, 26, 26, 28, 28, 30 ],
					"width": 981,
					"height": 600
				}
			}
		}
	}
],
"animations": {
	"attack": {
		"bones": {
			"hair2": {
				"rotate": [
					{ "angle": -23.55, "curve": 0.375, "c2": 0.5, "c3": 0.75 },
					{ "time": 0.1333, "curve": 0.25, "c3": 0.75 },
					{ "time": 0.5333, "angle": 29.39, "curve": 0.25, "c3": 0.75 },
					{ "time": 0.7, "angle": -47.1, "curve": 0.25, "c3": 0.625, "c4": 0.5 },
					{ "time": 0.8333, "angle": -23.55 }
				],
				"translate": [
					{ "curve": "stepped" },
					{ "time": 0.1333, "curve": "stepped" },
					{ "time": 0.8333 }
				],
				"scale": [
					{ "curve": "stepped" },
					{ "time": 0.1333, "curve": "stepped" },
					{ "time": 0.8333 }
				],
				"shear": [
					{ "curve": "stepped" },
					{ "time": 0.1333, "curve": "stepped" },
					{ "time": 0.8333 }
				]
			},
			"root": {
				"rotate": [
					{ "curve": "stepped" },
					{ "time": 0.8333 }
				],
				"translate": [
					{ "curve": 0.25, "c3": 0.75 },
					{ "time": 0.4, "y": 25.17, "curve": 0.25, "c3": 0.75 },
					{ "time": 0.5, "x": -64.58, "y": 20.17, "curve": 0.25, "c3": 0.75 },
					{ "time": 0.8333 }
				],
				"scale": [
					{ "curve": "stepped" },
					{ "time": 0.8333 }
				],
				"shear": [
					{ "curve": "stepped" },
					{ "time": 0.8333 }
				]
			},
			"mouth": {
				"rotate": [
					{ "curve": 0.25, "c3": 0.75 },
					{ "time": 0.4, "angle": -11.11, "curve": 0.25, "c3": 0.75 },
					{ "time": 0.8333 }
				],
				"translate": [
					{ "curve": "stepped" },
					{ "time": 0.8333 }
				],
				"scale": [
					{ "curve": "stepped" },
					{ "time": 0.4, "curve": 0.25, "c3": 0.75 },
					{ "time": 0.5667, "x": 2.05, "curve": 0.25, "c3": 0.75 },
					{ "time": 0.8333 }
				],
				"shear": [
					{ "curve": "stepped" },
					{ "time": 0.8333 }
				]
			},
			"hair1": {
				"rotate": [
					{ "curve": 0.25, "c3": 0.75 },
					{ "time": 0.4, "angle": 1.51, "curve": 0.25, "c3": 0.75 },
					{ "time": 0.5667, "angle": -56.22, "curve": 0.25, "c3": 0.75 },
					{ "time": 0.7333, "angle": -20.68, "curve": 0.25, "c3": 0.75 },
					{ "time": 0.8333 }
				],
				"translate": [
					{ "curve": "stepped" },
					{ "time": 0.8333 }
				],
				"scale": [
					{ "curve": "stepped" },
					{ "time": 0.8333 }
				],
				"shear": [
					{ "curve": "stepped" },
					{ "time": 0.8333 }
				]
			},
			"Right_eye": {
				"rotate": [
					{ "curve": "stepped" },
					{ "time": 0.8333 }
				],
				"translate": [
					{ "curve": 0.25, "c3": 0.75 },
					{ "time": 0.4, "x": -35.14, "y": 3.22, "curve": 0.25, "c3": 0.75 },
					{ "time": 0.5667, "x": -17.05, "y": -39.56, "curve": 0.245, "c3": 0.637, "c4": 0.56 },
					{ "time": 0.6667, "x": -5.43, "y": 5.42, "curve": 0.381, "c2": 0.55, "c3": 0.742 },
					{ "time": 0.7333, "x": 3.77, "y": 11.66, "curve": 0.25, "c3": 0.75 },
					{ "time": 0.8333 }
				],
				"scale": [
					{ "curve": "stepped" },
					{ "time": 0.8333 }
				],
				"shear": [
					{ "curve": "stepped" },
					{ "time": 0.8333 }
				]
			},
			"Left_eye": {
				"rotate": [
					{ "curve": "stepped" },
					{ "time": 0.8333 }
				],
				"translate": [
					{ "curve": 0.25, "c3": 0.75 },
					{ "time": 0.4, "x": -18.03, "y": 27.26, "curve": 0.25, "c3": 0.75 },
					{ "time": 0.5667, "x": -10.51, "y": 17.86, "curve": 0.25, "c3": 0.75 },
					{ "time": 0.8333 }
				],
				"scale": [
					{ "curve": "stepped" },
					{ "time": 0.8333 }
				],
				"shear": [
					{ "curve": "stepped" },
					{ "time": 0.8333 }
				]
			},
			"center": {
				"rotate": [
					{ "curve": "stepped" },
					{ "time": 0.8333 }
				],
				"translate": [
					{ "curve": 0.25, "c3": 0.75 },
					{ "time": 0.4, "x": 23.94, "y": 4.5, "curve": 0.25, "c3": 0.75 },
					{ "time": 0.8333 }
				],
				"scale": [
					{ "curve": "stepped" },
					{ "time": 0.8333 }
				],
				"shear": [
					{ "curve": "stepped" },
					{ "time": 0.8333 }
				]
			},
			"Right_hand": {
				"rotate": [
					{ "curve": 0.25, "c3": 0.75 },
					{ "time": 0.4, "angle": -56.77, "curve": 0.25, "c3": 0.75 },
					{ "time": 0.4667, "angle": -19.81, "curve": 0.25, "c3": 0.75 },
					{ "time": 0.5667, "angle": -39.47, "curve": 0.25, "c3": 0.75 },
					{ "time": 0.8333 }
				],
				"translate": [
					{ "curve": "stepped" },
					{ "time": 0.8333 }
				],
				"scale": [
					{ "curve": "stepped" },
					{ "time": 0.8333 }
				],
				"shear": [
					{ "curve": "stepped" },
					{ "time": 0.8333 }
				]
			},
			"Right_eyebrow": {
				"rotate": [
					{ "curve": "stepped" },
					{ "time": 0.8333 }
				],
				"translate": [
					{ "curve": 0.25, "c3": 0.75 },
					{ "time": 0.4, "x": -551.75, "y": 47.51, "curve": 0.25, "c3": 0.75 },
					{ "time": 0.7333, "x": -431.86, "y": 61.12, "curve": 0.25, "c3": 0.75 },
					{ "time": 0.8333 }
				],
				"scale": [
					{ "curve": "stepped" },
					{ "time": 0.8333 }
				],
				"shear": [
					{ "curve": "stepped" },
					{ "time": 0.8333 }
				]
			},
			"Left_hand": {
				"rotate": [
					{ "curve": 0.25, "c3": 0.75 },
					{ "time": 0.4, "angle": 64.5, "curve": 0.25, "c3": 0.75 },
					{ "time": 0.4667, "angle": 35.86, "curve": 0.25, "c3": 0.75 },
					{ "time": 0.5667, "angle": 48.22, "curve": 0.25, "c3": 0.75 },
					{ "time": 0.8333 }
				],
				"translate": [
					{ "curve": 0.25, "c3": 0.75 },
					{ "time": 0.4, "x": 14.36, "y": 2.7, "curve": 0.25, "c3": 0.75 },
					{ "time": 0.8333 }
				],
				"scale": [
					{ "curve": "stepped" },
					{ "time": 0.4, "curve": 0.25, "c3": 0.75 },
					{ "time": 0.5667, "x": 1.144, "curve": 0.25, "c3": 0.75 },
					{ "time": 0.8333 }
				],
				"shear": [
					{ "curve": "stepped" },
					{ "time": 0.8333 }
				]
			},
			"Left_eyebrow": {
				"rotate": [
					{ "curve": "stepped" },
					{ "time": 0.8333 }
				],
				"translate": [
					{ "curve": 0.25, "c3": 0.75 },
					{ "time": 0.4, "x": -317.39, "y": -12.55, "curve": 0.25, "c3": 0.75 },
					{ "time": 0.7333, "x": -223.17, "y": -20.62, "curve": 0.25, "c3": 0.75 },
					{ "time": 0.8333 }
				],
				"scale": [
					{ "curve": "stepped" },
					{ "time": 0.8333 }
				],
				"shear": [
					{ "curve": "stepped" },
					{ "time": 0.8333 }
				]
			},
			"body2": {
				"rotate": [
					{ "curve": "stepped" },
					{ "time": 0.8, "curve": "stepped" },
					{ "time": 0.8333 }
				],
				"translate": [
					{ "x": 0.98, "y": -0.62, "curve": 0.283, "c2": 0.14, "c3": 0.754 },
					{ "time": 0.3667, "x": 33.58, "y": -21.28, "curve": 0.25, "c3": 0.75 },
					{ "time": 0.5333, "x": 25.21, "y": 76.35, "curve": 0.25, "c3": 0.75 },
					{ "time": 0.7, "x": -1.59, "y": -32.56, "curve": 0.25, "c3": 0.75 },
					{ "time": 0.8, "curve": 0.309, "c3": 0.644, "c4": 0.35 },
					{ "time": 0.8333, "x": 0.98, "y": -0.62 }
				],
				"scale": [
					{ "y": 1.001, "curve": 0.274, "c2": 0.11, "c3": 0.753 },
					{ "time": 0.5333, "y": 1.043, "curve": 0.25, "c3": 0.75 },
					{ "time": 0.7, "curve": "stepped" },
					{ "time": 0.8, "curve": 0.316, "c3": 0.65, "c4": 0.35 },
					{ "time": 0.8333, "y": 1.001 }
				],
				"shear": [
					{ "curve": "stepped" },
					{ "time": 0.8, "curve": "stepped" },
					{ "time": 0.8333 }
				]
			},
			"Right_foot": {
				"rotate": [
					{ "curve": 0.25, "c3": 0.75 },
					{ "time": 0.3, "angle": 18, "curve": 0.25, "c3": 0.75 },
					{ "time": 0.4, "angle": 9.9, "curve": 0.25, "c3": 0.75 },
					{ "time": 0.5667, "angle": 60.04, "curve": 0.25, "c3": 0.75 },
					{ "time": 0.8333 }
				],
				"translate": [
					{ "curve": "stepped" },
					{ "time": 0.8333 }
				],
				"scale": [
					{ "curve": "stepped" },
					{ "time": 0.8333 }
				],
				"shear": [
					{ "curve": "stepped" },
					{ "time": 0.8333 }
				]
			},
			"Right_leg": {
				"rotate": [
					{ "curve": "stepped" },
					{ "time": 0.8333 }
				],
				"translate": [
					{ "curve": "stepped" },
					{ "time": 0.8333 }
				],
				"scale": [
					{ "curve": "stepped" },
					{ "time": 0.8333 }
				],
				"shear": [
					{ "curve": "stepped" },
					{ "time": 0.8333 }
				]
			},
			"Left_foot": {
				"rotate": [
					{ "curve": 0.25, "c3": 0.75 },
					{ "time": 0.4, "angle": 11.16, "curve": 0.25, "c3": 0.75 },
					{ "time": 0.5667, "angle": 52.17, "curve": 0.25, "c3": 0.75 },
					{ "time": 0.8333 }
				],
				"translate": [
					{ "curve": "stepped" },
					{ "time": 0.8333 }
				],
				"scale": [
					{ "curve": "stepped" },
					{ "time": 0.8333 }
				],
				"shear": [
					{ "curve": "stepped" },
					{ "time": 0.8333 }
				]
			},
			"Left_leg": {
				"rotate": [
					{ "curve": "stepped" },
					{ "time": 0.8333 }
				],
				"translate": [
					{ "curve": "stepped" },
					{ "time": 0.8333 }
				],
				"scale": [
					{ "curve": "stepped" },
					{ "time": 0.8333 }
				],
				"shear": [
					{ "curve": "stepped" },
					{ "time": 0.8333 }
				]
			},
			"body": {
				"rotate": [
					{ "curve": "stepped" },
					{ "time": 0.8333 }
				],
				"translate": [
					{ "curve": 0.25, "c3": 0.75 },
					{ "time": 0.5667, "x": -43.85, "curve": 0.25, "c3": 0.75 },
					{ "time": 0.8333 }
				],
				"scale": [
					{ "curve": "stepped" },
					{ "time": 0.8333 }
				],
				"shear": [
					{ "curve": "stepped" },
					{ "time": 0.8333 }
				]
			}
		},
		"deform": {
			"default": {
				"RightHand": {
					"RightHand": [
						{
							"time": 0.4667,
							"offset": 12,
							"vertices": [ 0.08655, -0.33444, -0.08643, 0.33429 ]
						}
					]
				}
			}
		}
	},
	"dead": {
		"bones": {
			"root": {
				"rotate": [
					{ "curve": "stepped" },
					{ "time": 0.5, "curve": "stepped" },
					{ "time": 0.8333 }
				],
				"translate": [
					{},
					{ "time": 0.3667, "x": 76.58, "y": 40.21 },
					{ "time": 0.5, "x": 306.34, "y": -60.63 },
					{ "time": 0.8333, "x": 306.34, "y": -60.63 }
				],
				"scale": [
					{ "curve": "stepped" },
					{ "time": 0.5, "curve": "stepped" },
					{ "time": 0.8333 }
				],
				"shear": [
					{ "curve": "stepped" },
					{ "time": 0.5, "curve": "stepped" },
					{ "time": 0.8333 }
				]
			},
			"mouth": {
				"rotate": [
					{},
					{ "time": 0.1667, "angle": -10.84 },
					{ "time": 0.5, "angle": 1.72 },
					{ "time": 0.8333, "angle": 26 }
				],
				"translate": [
					{ "curve": "stepped" },
					{ "time": 0.5 },
					{ "time": 0.7, "x": 34.85, "y": 4.23 },
					{ "time": 0.8333 }
				],
				"scale": [
					{ "curve": "stepped" },
					{ "time": 0.5, "curve": "stepped" },
					{ "time": 0.8333 }
				],
				"shear": [
					{ "curve": "stepped" },
					{ "time": 0.5, "curve": "stepped" },
					{ "time": 0.8333 }
				]
			},
			"hair2": {
				"rotate": [
					{},
					{ "time": 0.1667, "angle": -17.13 },
					{ "time": 0.5, "angle": 43.46 },
					{ "time": 0.8333, "angle": -3.07 }
				],
				"translate": [
					{ "curve": "stepped" },
					{ "time": 0.5, "curve": "stepped" },
					{ "time": 0.8333 }
				],
				"scale": [
					{ "curve": "stepped" },
					{ "time": 0.5, "curve": "stepped" },
					{ "time": 0.8333 }
				],
				"shear": [
					{ "curve": "stepped" },
					{ "time": 0.5, "curve": "stepped" },
					{ "time": 0.8333 }
				]
			},
			"hair1": {
				"rotate": [
					{},
					{ "time": 0.1667, "angle": -35.67 },
					{ "time": 0.3667, "angle": -13.31 },
					{ "time": 0.6333, "angle": -0.71 },
					{ "time": 0.8333, "angle": 26.37 }
				],
				"translate": [
					{ "curve": "stepped" },
					{ "time": 0.6333, "curve": "stepped" },
					{ "time": 0.8333 }
				],
				"scale": [
					{ "curve": "stepped" },
					{ "time": 0.6333, "curve": "stepped" },
					{ "time": 0.8333 }
				],
				"shear": [
					{ "curve": "stepped" },
					{ "time": 0.6333, "curve": "stepped" },
					{ "time": 0.8333 }
				]
			},
			"Right_eye": {
				"rotate": [
					{ "curve": "stepped" },
					{ "time": 0.5, "curve": "stepped" },
					{ "time": 0.8333 }
				],
				"translate": [
					{ "curve": "stepped" },
					{ "time": 0.5 },
					{ "time": 0.8333, "x": -46.18, "y": 36.18 }
				],
				"scale": [
					{},
					{ "time": 0.1667, "x": 1.188, "y": 1.188 },
					{ "time": 0.5, "x": 0.857, "y": 0.857 },
					{ "time": 0.8333, "x": 0.9, "y": 0.9 }
				],
				"shear": [
					{ "curve": "stepped" },
					{ "time": 0.5, "curve": "stepped" },
					{ "time": 0.8333 }
				]
			},
			"Left_eye": {
				"rotate": [
					{ "curve": "stepped" },
					{ "time": 0.5, "curve": "stepped" },
					{ "time": 0.8333 }
				],
				"translate": [
					{ "curve": "stepped" },
					{ "time": 0.5 },
					{ "time": 0.8333, "x": -50.89, "y": 48.47 }
				],
				"scale": [
					{},
					{ "time": 0.1667, "x": 1.02, "y": 1.02 },
					{ "time": 0.5, "x": 0.73, "y": 0.73 },
					{ "time": 0.8333, "x": 0.8, "y": 0.8 }
				],
				"shear": [
					{ "curve": "stepped" },
					{ "time": 0.5, "curve": "stepped" },
					{ "time": 0.8333 }
				]
			},
			"center": {
				"rotate": [
					{ "curve": "stepped" },
					{ "time": 0.5, "curve": "stepped" },
					{ "time": 0.8333 }
				],
				"translate": [
					{},
					{ "time": 0.5, "x": 0.02, "y": -51.95 },
					{ "time": 0.6667, "x": -79.56, "y": -60.41 },
					{ "time": 0.8333, "x": 0.02, "y": -51.95 }
				],
				"scale": [
					{ "curve": "stepped" },
					{ "time": 0.5, "curve": "stepped" },
					{ "time": 0.8333 }
				],
				"shear": [
					{ "curve": "stepped" },
					{ "time": 0.5, "curve": "stepped" },
					{ "time": 0.8333 }
				]
			},
			"Right_hand": {
				"rotate": [
					{},
					{ "time": 0.1667, "angle": -42.45 },
					{ "time": 0.3667, "angle": -8.67 },
					{ "time": 0.5, "angle": 35.26 },
					{ "time": 0.6, "angle": 7.04 },
					{ "time": 0.8333, "angle": 35.26 }
				],
				"translate": [
					{ "curve": "stepped" },
					{ "time": 0.5, "curve": "stepped" },
					{ "time": 0.8333 }
				],
				"scale": [
					{ "curve": "stepped" },
					{ "time": 0.5, "curve": "stepped" },
					{ "time": 0.8333 }
				],
				"shear": [
					{ "curve": "stepped" },
					{ "time": 0.5, "curve": "stepped" },
					{ "time": 0.8333 }
				]
			},
			"Right_eyebrow": {
				"rotate": [
					{ "curve": "stepped" },
					{ "time": 0.5, "curve": "stepped" },
					{ "time": 0.8333 }
				],
				"translate": [
					{},
					{ "time": 0.3, "x": 319.76, "y": -111.99 },
					{ "time": 0.5, "x": -12.48, "y": -158.19 },
					{ "time": 0.8333, "x": -177.12, "y": -215.11 }
				],
				"scale": [
					{ "curve": "stepped" },
					{ "time": 0.5, "curve": "stepped" },
					{ "time": 0.8333 }
				],
				"shear": [
					{ "curve": "stepped" },
					{ "time": 0.5, "curve": "stepped" },
					{ "time": 0.8333 }
				]
			},
			"Left_hand": {
				"rotate": [
					{},
					{ "time": 0.1667, "angle": 33.86 },
					{ "time": 0.3667, "angle": 23.92 },
					{ "time": 0.5, "angle": -34.42 },
					{ "time": 0.6, "angle": -4.22 },
					{ "time": 0.8333, "angle": -34.42 }
				],
				"translate": [
					{ "curve": "stepped" },
					{ "time": 0.5, "curve": "stepped" },
					{ "time": 0.8333 }
				],
				"scale": [
					{ "curve": "stepped" },
					{ "time": 0.5, "curve": "stepped" },
					{ "time": 0.8333 }
				],
				"shear": [
					{ "curve": "stepped" },
					{ "time": 0.5, "curve": "stepped" },
					{ "time": 0.8333 }
				]
			},
			"Left_eyebrow": {
				"rotate": [
					{ "curve": "stepped" },
					{ "time": 0.5, "curve": "stepped" },
					{ "time": 0.8333 }
				],
				"translate": [
					{},
					{ "time": 0.3, "x": 218.77, "y": -23.83 },
					{ "time": 0.5, "x": -115.53, "y": 182.84 },
					{ "time": 0.8333, "x": -243.67, "y": 35.38 }
				],
				"scale": [
					{ "curve": "stepped" },
					{ "time": 0.5, "curve": "stepped" },
					{ "time": 0.8333 }
				],
				"shear": [
					{ "curve": "stepped" },
					{ "time": 0.5, "curve": "stepped" },
					{ "time": 0.8333 }
				]
			},
			"body2": {
				"rotate": [
					{ "curve": "stepped" },
					{ "time": 0.5, "curve": "stepped" },
					{ "time": 0.8333 }
				],
				"translate": [
					{ "curve": "stepped" },
					{ "time": 0.5, "curve": "stepped" },
					{ "time": 0.8333 }
				],
				"scale": [
					{ "curve": "stepped" },
					{ "time": 0.5, "curve": "stepped" },
					{ "time": 0.8333 }
				],
				"shear": [
					{ "curve": "stepped" },
					{ "time": 0.5, "curve": "stepped" },
					{ "time": 0.8333 }
				]
			},
			"Right_foot": {
				"rotate": [
					{ "curve": "stepped" },
					{ "time": 0.5, "curve": "stepped" },
					{ "time": 0.8333 }
				],
				"translate": [
					{ "curve": "stepped" },
					{ "time": 0.5, "curve": "stepped" },
					{ "time": 0.8333 }
				],
				"scale": [
					{ "curve": "stepped" },
					{ "time": 0.5, "curve": "stepped" },
					{ "time": 0.8333 }
				],
				"shear": [
					{ "curve": "stepped" },
					{ "time": 0.5, "curve": "stepped" },
					{ "time": 0.8333 }
				]
			},
			"Right_leg": {
				"rotate": [
					{},
					{ "time": 0.5, "angle": -36.88, "curve": "stepped" },
					{ "time": 0.8333, "angle": -36.88 }
				],
				"translate": [
					{ "curve": "stepped" },
					{ "time": 0.5, "curve": "stepped" },
					{ "time": 0.8333 }
				],
				"scale": [
					{ "curve": "stepped" },
					{ "time": 0.5, "curve": "stepped" },
					{ "time": 0.8333 }
				],
				"shear": [
					{ "curve": "stepped" },
					{ "time": 0.5, "curve": "stepped" },
					{ "time": 0.8333 }
				]
			},
			"Left_foot": {
				"rotate": [
					{ "curve": "stepped" },
					{ "time": 0.5, "curve": "stepped" },
					{ "time": 0.8333 }
				],
				"translate": [
					{ "curve": "stepped" },
					{ "time": 0.5, "curve": "stepped" },
					{ "time": 0.8333 }
				],
				"scale": [
					{ "curve": "stepped" },
					{ "time": 0.5, "curve": "stepped" },
					{ "time": 0.8333 }
				],
				"shear": [
					{ "curve": "stepped" },
					{ "time": 0.5, "curve": "stepped" },
					{ "time": 0.8333 }
				]
			},
			"Left_leg": {
				"rotate": [
					{},
					{ "time": 0.5, "angle": -56.17, "curve": "stepped" },
					{ "time": 0.8333, "angle": -56.17 }
				],
				"translate": [
					{ "curve": "stepped" },
					{ "time": 0.5, "curve": "stepped" },
					{ "time": 0.8333 }
				],
				"scale": [
					{ "curve": "stepped" },
					{ "time": 0.5, "curve": "stepped" },
					{ "time": 0.8333 }
				],
				"shear": [
					{ "curve": "stepped" },
					{ "time": 0.5, "curve": "stepped" },
					{ "time": 0.8333 }
				]
			},
			"body": {
				"rotate": [
					{ "curve": "stepped" },
					{ "time": 0.5, "curve": "stepped" },
					{ "time": 0.8333 }
				],
				"translate": [
					{ "curve": "stepped" },
					{ "time": 0.5, "curve": "stepped" },
					{ "time": 0.8333 }
				],
				"scale": [
					{ "curve": "stepped" },
					{ "time": 0.5, "curve": "stepped" },
					{ "time": 0.8333 }
				],
				"shear": [
					{ "curve": "stepped" },
					{ "time": 0.5, "curve": "stepped" },
					{ "time": 0.8333 }
				]
			}
		}
	},
	"idle": {
		"bones": {
			"root": {
				"rotate": [
					{ "curve": "stepped" },
					{ "time": 1.3333 }
				],
				"translate": [
					{ "curve": "stepped" },
					{ "time": 1.3333 }
				],
				"scale": [
					{ "curve": "stepped" },
					{ "time": 1.3333 }
				],
				"shear": [
					{ "curve": "stepped" },
					{ "time": 1.3333 }
				]
			},
			"mouth": {
				"rotate": [
					{ "curve": 0.25, "c3": 0.75 },
					{ "time": 0.6667, "angle": -3.56, "curve": 0.25, "c3": 0.75 },
					{ "time": 1.3333 }
				],
				"translate": [
					{ "curve": "stepped" },
					{ "time": 1.3333 }
				],
				"scale": [
					{ "curve": "stepped" },
					{ "time": 1.3333 }
				],
				"shear": [
					{ "curve": "stepped" },
					{ "time": 1.3333 }
				]
			},
			"hair2": {
				"rotate": [
					{ "angle": -7.03, "curve": 0.379, "c2": 0.6, "c3": 0.724 },
					{ "time": 0.1667 },
					{ "time": 0.8333, "angle": -14.31, "curve": 0.242, "c3": 0.667, "c4": 0.67 },
					{ "time": 1.3333, "angle": -7.03 }
				],
				"translate": [
					{ "curve": "stepped" },
					{ "time": 0.1667, "curve": "stepped" },
					{ "time": 1.3333 }
				],
				"scale": [
					{ "curve": "stepped" },
					{ "time": 0.1667, "curve": "stepped" },
					{ "time": 1.3333 }
				],
				"shear": [
					{ "curve": "stepped" },
					{ "time": 0.1667, "curve": "stepped" },
					{ "time": 1.3333 }
				]
			},
			"hair1": {
				"rotate": [
					{ "curve": 0.25, "c3": 0.75 },
					{ "time": 0.6667, "angle": -20.95, "curve": 0.25, "c3": 0.75 },
					{ "time": 1.3333 }
				],
				"translate": [
					{ "curve": "stepped" },
					{ "time": 1.3333 }
				],
				"scale": [
					{ "curve": "stepped" },
					{ "time": 1.3333 }
				],
				"shear": [
					{ "curve": "stepped" },
					{ "time": 1.3333 }
				]
			},
			"Left_eye": {
				"rotate": [
					{ "curve": "stepped" },
					{ "time": 1.3333 }
				],
				"translate": [
					{ "curve": "stepped" },
					{ "time": 1.3333 }
				],
				"scale": [
					{ "curve": "stepped" },
					{ "time": 1.3333 }
				],
				"shear": [
					{ "curve": "stepped" },
					{ "time": 1.3333 }
				]
			},
			"center": {
				"rotate": [
					{ "curve": "stepped" },
					{ "time": 1.3333 }
				],
				"translate": [
					{ "curve": 0.25, "c3": 0.75 },
					{ "time": 0.6667, "x": 1.04, "y": -7.79, "curve": 0.25, "c3": 0.75 },
					{ "time": 1.3333 }
				],
				"scale": [
					{ "curve": "stepped" },
					{ "time": 1.3333 }
				],
				"shear": [
					{ "curve": "stepped" },
					{ "time": 1.3333 }
				]
			},
			"Right_hand": {
				"rotate": [
					{ "curve": 0.25, "c3": 0.75 },
					{ "time": 0.6667, "angle": -12.42, "curve": 0.25, "c3": 0.75 },
					{ "time": 1.3333 }
				],
				"translate": [
					{ "curve": "stepped" },
					{ "time": 1.3333 }
				],
				"scale": [
					{ "curve": "stepped" },
					{ "time": 1.3333 }
				],
				"shear": [
					{ "curve": "stepped" },
					{ "time": 1.3333 }
				]
			},
			"Right_eyebrow": {
				"rotate": [
					{ "curve": "stepped" },
					{ "time": 1.3333 }
				],
				"translate": [
					{ "curve": "stepped" },
					{ "time": 1.3333 }
				],
				"scale": [
					{ "curve": "stepped" },
					{ "time": 1.3333 }
				],
				"shear": [
					{ "curve": "stepped" },
					{ "time": 1.3333 }
				]
			},
			"Right_eye": {
				"rotate": [
					{ "curve": "stepped" },
					{ "time": 1.3333 }
				],
				"translate": [
					{ "curve": 0.25, "c3": 0.75 },
					{ "time": 0.6667, "x": 15.93, "y": -0.45, "curve": 0.25, "c3": 0.75 },
					{ "time": 1.3333 }
				],
				"scale": [
					{ "curve": "stepped" },
					{ "time": 1.3333 }
				],
				"shear": [
					{ "curve": "stepped" },
					{ "time": 1.3333 }
				]
			},
			"Left_hand": {
				"rotate": [
					{ "curve": 0.25, "c3": 0.75 },
					{ "time": 0.6667, "angle": 10.38, "curve": 0.25, "c3": 0.75 },
					{ "time": 1.3333 }
				],
				"translate": [
					{ "curve": "stepped" },
					{ "time": 1.3333 }
				],
				"scale": [
					{ "curve": "stepped" },
					{ "time": 1.3333 }
				],
				"shear": [
					{ "curve": "stepped" },
					{ "time": 1.3333 }
				]
			},
			"Left_eyebrow": {
				"rotate": [
					{ "curve": "stepped" },
					{ "time": 1.3333 }
				],
				"translate": [
					{ "curve": "stepped" },
					{ "time": 1.3333 }
				],
				"scale": [
					{ "curve": "stepped" },
					{ "time": 1.3333 }
				],
				"shear": [
					{ "curve": "stepped" },
					{ "time": 1.3333 }
				]
			},
			"body2": {
				"rotate": [
					{ "angle": 0.56, "curve": 0.333, "c2": 0.33, "c3": 0.758 },
					{ "time": 0.5, "angle": 3.01, "curve": 0.25, "c3": 0.75 },
					{ "time": 1.1667, "curve": 0.276, "c3": 0.621, "c4": 0.4 },
					{ "time": 1.3333, "angle": 0.56 }
				],
				"translate": [
					{ "x": -3.84, "y": -0.47, "curve": 0.333, "c2": 0.33, "c3": 0.758 },
					{ "time": 0.5, "x": -20.82, "y": -2.53, "curve": 0.25, "c3": 0.75 },
					{ "time": 1.1667, "curve": 0.276, "c3": 0.621, "c4": 0.4 },
					{ "time": 1.3333, "x": -3.84, "y": -0.47 }
				],
				"scale": [
					{ "curve": "stepped" },
					{ "time": 1.1667, "curve": "stepped" },
					{ "time": 1.3333 }
				],
				"shear": [
					{ "curve": "stepped" },
					{ "time": 1.1667, "curve": "stepped" },
					{ "time": 1.3333 }
				]
			},
			"Right_leg": {
				"rotate": [
					{ "curve": "stepped" },
					{ "time": 1.3333 }
				],
				"translate": [
					{ "curve": "stepped" },
					{ "time": 1.3333 }
				],
				"scale": [
					{ "curve": "stepped" },
					{ "time": 1.3333 }
				],
				"shear": [
					{ "curve": "stepped" },
					{ "time": 1.3333 }
				]
			},
			"Left_leg": {
				"rotate": [
					{ "curve": "stepped" },
					{ "time": 1.3333 }
				],
				"translate": [
					{ "curve": "stepped" },
					{ "time": 1.3333 }
				],
				"scale": [
					{ "curve": "stepped" },
					{ "time": 1.3333 }
				],
				"shear": [
					{ "curve": "stepped" },
					{ "time": 1.3333 }
				]
			},
			"body": {
				"rotate": [
					{ "curve": "stepped" },
					{ "time": 1.3333 }
				],
				"translate": [
					{ "curve": "stepped" },
					{ "time": 1.3333 }
				],
				"scale": [
					{ "curve": "stepped" },
					{ "time": 1.3333 }
				],
				"shear": [
					{ "curve": "stepped" },
					{ "time": 1.3333 }
				]
			}
		}
	},
	"walk": {
		"bones": {
			"root": {
				"rotate": [
					{ "curve": "stepped" },
					{ "time": 1 }
				],
				"translate": [
					{ "curve": "stepped" },
					{ "time": 1 }
				],
				"scale": [
					{ "curve": "stepped" },
					{ "time": 1 }
				],
				"shear": [
					{ "curve": "stepped" },
					{ "time": 1 }
				]
			},
			"body": {
				"rotate": [
					{ "curve": "stepped" },
					{ "time": 0.5, "curve": "stepped" },
					{ "time": 1 }
				],
				"translate": [
					{ "curve": 0.25, "c3": 0.75 },
					{ "time": 0.2667, "y": 10.48, "curve": 0.25, "c3": 0.75 },
					{ "time": 0.5, "curve": 0.25, "c3": 0.75 },
					{ "time": 0.8, "y": 13.1, "curve": 0.25, "c3": 0.75 },
					{ "time": 1 }
				],
				"scale": [
					{ "curve": "stepped" },
					{ "time": 0.5, "curve": "stepped" },
					{ "time": 1 }
				],
				"shear": [
					{ "curve": "stepped" },
					{ "time": 0.5, "curve": "stepped" },
					{ "time": 1 }
				]
			},
			"Left_leg": {
				"rotate": [
					{ "angle": 1.45, "curve": 0.25, "c3": 0.75 },
					{ "time": 0.5, "angle": -35.06, "curve": 0.25, "c3": 0.75 },
					{ "time": 1, "angle": 1.45 }
				],
				"translate": [
					{ "x": 27.61, "y": 3.35, "curve": 0.25, "c3": 0.75 },
					{ "time": 0.5, "x": -31.92, "y": 228.47, "curve": 0.25, "c3": 0.75 },
					{ "time": 0.7667, "x": -19.08, "y": 104.64, "curve": 0.25, "c3": 0.75 },
					{ "time": 1, "x": 27.61, "y": 3.35 }
				],
				"scale": [
					{ "curve": "stepped" },
					{ "time": 1 }
				],
				"shear": [
					{ "curve": "stepped" },
					{ "time": 1 }
				]
			},
			"Right_leg": {
				"rotate": [
					{ "curve": 0.25, "c3": 0.75 },
					{ "time": 0.5, "angle": 28.13, "curve": 0.25, "c3": 0.75 },
					{ "time": 1 }
				],
				"translate": [
					{ "curve": 0.25, "c3": 0.75 },
					{ "time": 0.5, "x": 20.83, "y": -250.93, "curve": 0.25, "c3": 0.75 },
					{ "time": 1 }
				],
				"scale": [
					{ "curve": "stepped" },
					{ "time": 1 }
				],
				"shear": [
					{ "curve": "stepped" },
					{ "time": 1 }
				]
			},
			"body2": {
				"rotate": [
					{ "curve": "stepped" },
					{ "time": 0.4333, "curve": "stepped" },
					{ "time": 0.9333, "curve": "stepped" },
					{ "time": 1 }
				],
				"translate": [
					{ "x": 11.38, "y": -0.99, "curve": 0.342, "c2": 0.36, "c3": 0.757 },
					{ "time": 0.1667, "x": 50.7, "y": -4.41, "curve": 0.25, "c3": 0.75 },
					{ "time": 0.4333, "curve": 0.25, "c3": 0.75 },
					{ "time": 0.7, "x": 41.63, "y": 5.05, "curve": 0.25, "c3": 0.75 },
					{ "time": 0.9333, "curve": 0.271, "c3": 0.619, "c4": 0.41 },
					{ "time": 1, "x": 11.38, "y": -0.99 }
				],
				"scale": [
					{ "curve": "stepped" },
					{ "time": 0.4333, "curve": "stepped" },
					{ "time": 0.9333, "curve": "stepped" },
					{ "time": 1 }
				],
				"shear": [
					{ "curve": "stepped" },
					{ "time": 0.4333, "curve": "stepped" },
					{ "time": 0.9333, "curve": "stepped" },
					{ "time": 1 }
				]
			},
			"Left_eyebrow": {
				"rotate": [
					{ "curve": "stepped" },
					{ "time": 1 }
				],
				"translate": [
					{ "curve": "stepped" },
					{ "time": 1 }
				],
				"scale": [
					{ "curve": "stepped" },
					{ "time": 1 }
				],
				"shear": [
					{ "curve": "stepped" },
					{ "time": 1 }
				]
			},
			"Left_hand": {
				"rotate": [
					{ "angle": -57.92, "curve": 0.25, "c3": 0.75 },
					{ "time": 0.5, "angle": -4.87, "curve": 0.25, "c3": 0.75 },
					{ "time": 1, "angle": -57.92 }
				],
				"translate": [
					{ "curve": 0.25, "c3": 0.75 },
					{ "time": 0.5, "x": -14.02, "y": 32.03, "curve": 0.25, "c3": 0.75 },
					{ "time": 1 }
				],
				"scale": [
					{ "curve": "stepped" },
					{ "time": 1 }
				],
				"shear": [
					{ "curve": "stepped" },
					{ "time": 1 }
				]
			},
			"Right_eyebrow": {
				"rotate": [
					{ "curve": "stepped" },
					{ "time": 1 }
				],
				"translate": [
					{ "curve": "stepped" },
					{ "time": 1 }
				],
				"scale": [
					{ "curve": "stepped" },
					{ "time": 1 }
				],
				"shear": [
					{ "curve": "stepped" },
					{ "time": 1 }
				]
			},
			"Right_hand": {
				"rotate": [
					{ "angle": 60.21, "curve": 0.25, "c3": 0.75 },
					{ "time": 0.5, "angle": -11.76, "curve": 0.25, "c3": 0.75 },
					{ "time": 1, "angle": 60.21 }
				],
				"translate": [
					{ "curve": 0.25, "c3": 0.75 },
					{ "time": 0.5, "x": 6.78, "y": -36.06, "curve": 0.25, "c3": 0.75 },
					{ "time": 1 }
				],
				"scale": [
					{ "curve": "stepped" },
					{ "time": 1 }
				],
				"shear": [
					{ "curve": "stepped" },
					{ "time": 1 }
				]
			},
			"center": {
				"rotate": [
					{ "curve": "stepped" },
					{ "time": 1 }
				],
				"translate": [
					{ "curve": 0.25, "c3": 0.75 },
					{ "time": 0.5, "x": -5.81, "y": 30.91, "curve": 0.25, "c3": 0.75 },
					{ "time": 1 }
				],
				"scale": [
					{ "curve": "stepped" },
					{ "time": 1 }
				],
				"shear": [
					{ "curve": "stepped" },
					{ "time": 1 }
				]
			},
			"Left_eye": {
				"rotate": [
					{ "curve": "stepped" },
					{ "time": 1 }
				],
				"translate": [
					{ "curve": "stepped" },
					{ "time": 1 }
				],
				"scale": [
					{ "curve": "stepped" },
					{ "time": 1 }
				],
				"shear": [
					{ "curve": "stepped" },
					{ "time": 1 }
				]
			},
			"Right_eye": {
				"rotate": [
					{ "curve": "stepped" },
					{ "time": 1 }
				],
				"translate": [
					{ "curve": 0.25, "c3": 0.75 },
					{ "time": 0.5, "x": 0.56, "y": -26.33, "curve": 0.25, "c3": 0.75 },
					{ "time": 1 }
				],
				"scale": [
					{ "curve": "stepped" },
					{ "time": 1 }
				],
				"shear": [
					{ "curve": "stepped" },
					{ "time": 1 }
				]
			},
			"hair1": {
				"rotate": [
					{ "curve": 0.25, "c3": 0.75 },
					{ "time": 0.2667, "angle": -29.43, "curve": 0.25, "c3": 0.75 },
					{ "time": 0.5, "curve": 0.25, "c3": 0.75 },
					{ "time": 0.7667, "angle": -20.01, "curve": 0.25, "c3": 0.75 },
					{ "time": 1 }
				],
				"translate": [
					{ "curve": "stepped" },
					{ "time": 0.5, "curve": "stepped" },
					{ "time": 1 }
				],
				"scale": [
					{ "curve": "stepped" },
					{ "time": 0.5, "curve": "stepped" },
					{ "time": 1 }
				],
				"shear": [
					{ "curve": "stepped" },
					{ "time": 0.5, "curve": "stepped" },
					{ "time": 1 }
				]
			},
			"hair2": {
				"rotate": [
					{ "angle": -2.93, "curve": 0.382, "c2": 0.57, "c3": 0.735 },
					{ "time": 0.0667 },
					{ "time": 0.3333, "angle": -6.36, "curve": 0.25, "c3": 0.75 },
					{ "time": 0.5667, "curve": 0.25, "c3": 0.75 },
					{ "time": 0.8667, "angle": -10.31, "curve": 0.243, "c3": 0.649, "c4": 0.6 },
					{ "time": 1, "angle": -2.93 }
				],
				"translate": [
					{ "curve": "stepped" },
					{ "time": 0.0667, "curve": "stepped" },
					{ "time": 0.5667, "curve": "stepped" },
					{ "time": 1 }
				],
				"scale": [
					{ "curve": "stepped" },
					{ "time": 0.0667, "curve": "stepped" },
					{ "time": 0.5667, "curve": "stepped" },
					{ "time": 1 }
				],
				"shear": [
					{ "curve": "stepped" },
					{ "time": 0.0667, "curve": "stepped" },
					{ "time": 0.5667, "curve": "stepped" },
					{ "time": 1 }
				]
			},
			"mouth": {
				"rotate": [
					{ "curve": "stepped" },
					{ "time": 1 }
				],
				"translate": [
					{ "curve": "stepped" },
					{ "time": 1 }
				],
				"scale": [
					{ "curve": "stepped" },
					{ "time": 1 }
				],
				"shear": [
					{ "curve": "stepped" },
					{ "time": 1 }
				]
			},
			"Right_foot": {
				"rotate": [
					{ "curve": 0.25, "c3": 0.75 },
					{ "time": 0.5, "angle": 19.44, "curve": 0.25, "c3": 0.75 },
					{ "time": 0.8, "angle": -20.57, "curve": 0.25, "c3": 0.75 },
					{ "time": 1 }
				],
				"translate": [
					{ "curve": "stepped" },
					{ "time": 1 }
				],
				"scale": [
					{ "curve": "stepped" },
					{ "time": 1 }
				],
				"shear": [
					{ "curve": "stepped" },
					{ "time": 1 }
				]
			},
			"Left_foot": {
				"rotate": [
					{ "angle": 17.96, "curve": 0.25, "c3": 0.75 },
					{ "time": 0.2333, "angle": 27.26, "curve": 0.25, "c3": 0.75 },
					{ "time": 0.5, "curve": 0.25, "c3": 0.75 },
					{ "time": 0.7667, "angle": 7.3, "curve": 0.25, "c3": 0.75 },
					{ "time": 1, "angle": 17.96 }
				],
				"translate": [
					{ "curve": "stepped" },
					{ "time": 0.5, "curve": "stepped" },
					{ "time": 1 }
				],
				"scale": [
					{ "curve": "stepped" },
					{ "time": 0.5, "curve": "stepped" },
					{ "time": 1 }
				],
				"shear": [
					{ "curve": "stepped" },
					{ "time": 0.5, "curve": "stepped" },
					{ "time": 1 }
				]
			}
		}
	}
}
}