곡명, 가수명, 좋아요,
아무노래,지코 (ZICO),265534
METEOR,창모 (CHANGMO),282718
아로하,조정석,235232
흔들리는 꽃들 속에서 네 샴푸향이 느껴진거야,장범준,303524
에잇(Prod.&Feat. SUGA of BTS),아이유,378773
Blueming,아이유,338150
늦은 밤 너의 집 앞 골목길에서,노을,195013
시작,가호 (Gaho),230846
작은 것들을 위한 시 (Boy With Luv) (Feat. Halsey),방탄소년단,434885
Psycho,Red Velvet (레드벨벳),229812
어떻게 이별까지 사랑하겠어 널 사랑하는 거지,AKMU (악뮤),382914
Dynamite,방탄소년단,434600
마음을 드려요,아이유,230951
처음처럼,엠씨더맥스 (M.C the MAX),111768
How You Like That,BLACKPINK,192255
살짝 설렜어 (Nonstop),오마이걸 (OH MY GIRL),188703
ON,방탄소년단,264648
오늘도 빛나는 너에게 (To You My Light) (Feat.이라온),마크툽 (MAKTUB),262496
Downtown Baby,블루 (BLOO),195393
마리아 (Maria),화사 (Hwa Sa),161611
어떻게 지내 (Prod. By VAN.C),오반,179757
모든 날 모든 순간 (Every day Every Moment),폴킴,394242
다시 여기 바닷가,싹쓰리 (유두래곤 린다G 비룡),236646
Dolphin,오마이걸 (OH MY GIRL),197684
사랑하게 될 줄 알았어,전미도,148851
안녕,폴킴,203093
그때 그 아인,김필,124769
취기를 빌려 (취향저격 그녀 X 산들),산들,215725
Love poem,아이유,326694
HIP,마마무 (Mamamoo),138055
우리 왜 헤어져야 해,신예영,124814
좋은 사람 있으면 소개시켜줘,조이 (JOY),125121
너를 사랑하고 있어,백현 (BAEKHYUN),161923
봄날,방탄소년단,560710
Black Swan,방탄소년단,203199
Summer Hate (Feat. 비),지코 (ZICO),112147
나비와 고양이 (feat.백현 (BAEKHYUN)),볼빨간사춘기,169257
다시 난 여기,백예린 (Yerin Baek),120237
눈누난나 (NUNU NANA),제시 (Jessi),105674
돌덩이,하현우 (국카스텐),115237
오래된 노래,스탠딩 에그,246436
사랑이란 멜로는 없어,전상근,129870
반만,진민호,70852
시든 꽃에 물을 주듯,HYNN (박혜원),200436
너를 만나,폴킴,303763
Square (2017),백예린 (Yerin Baek),253540
FIESTA,IZ*ONE (아이즈원),132522
덤더럼 (Dumhdurum),Apink (에이핑크),94403
아마두 (feat.우원재 김효은 넉살 Huckleberry P),염따,161290
조금 취했어 (Prod. 2soo),임재현,118126

